id;name;username;email;address/street;address/suite;address/city;address/zipcode;address/geo/lat;address/geo/lng;phone;website;company/name;company/catchPhrase;company/bs
1;Leanne Graham;Bret;Sincere@april.biz;Kulas Light;Apt. 556;Gwenborough;92998-3874;-373.159;811.496;1-770-736-8031 x56442;hildegard.org;Romaguera-Crona;Multi-layered client-server neural-net;harness real-time e-markets
2;Ervin Howell;Antonette;Shanna@melissa.tv;Victor Plains;Suite 879;Wisokyburgh;90566-7771;-439.509;-344.618;010-692-6593 x09125;anastasia.net;Deckow-Crist;Proactive didactic contingency;synergize scalable supply-chains
3;Clementine Bauch;Samantha;Nathan@yesenia.net;Douglas Extension;Suite 847;McKenziehaven;59590-4157;-686.102;-470.653;1-463-123-4447;ramiro.info;Romaguera-Jacobson;Face to face bifurcated interface;e-enable strategic applications
4;Patricia Lebsack;Karianne;Julianne.OConner@kory.org;Hoeger Mall;Apt. 692;South Elvis;53919-4257;294.572;-1.642.990;493-170-9623 x156;kale.biz;Robel-Corkery;Multi-tiered zero tolerance productivity;transition cutting-edge web services
5;Chelsey Dietrich;Kamren;Lucio_Hettinger@annie.ca;Skiles Walks;Suite 351;Roscoeview;33263;-318.129;625.342;(254)954-1289;demarco.info;Keebler LLC;User-centric fault-tolerant solution;revolutionize end-to-end systems
6;Mrs. Dennis Schulist;Leopoldo_Corkery;Karley_Dach@jasper.info;Norberto Crossing;Apt. 950;South Christy;23505-1337;-714.197;717.478;1-477-935-8478 x6430;ola.org;Considine-Lockman;Synchronised bottom-line interface;e-enable innovative applications
7;Kurtis Weissnat;Elwyn.Skiles;Telly.Hoeger@billy.biz;Rex Trail;Suite 280;Howemouth;58804-1099;248.918;218.984;2.100.676.132;elvis.io;Johns Group;Configurable multimedia task-force;generate enterprise e-tailers
8;Nicholas Runolfsdottir V;Maxime_Nienow;Sherwood@rosamond.me;Ellsworth Summit;Suite 729;Aliyaview;45169;-143.990;-1.207.677;586.493.6943 x140;jacynthe.com;Abernathy Group;Implemented secondary concept;e-enable extensible e-tailers
9;Glenna Reichert;Delphine;Chaim_McDermott@dana.io;Dayna Park;Suite 449;Bartholomebury;76495-3109;246.463;-1.688.889;(775)976-6794 x41206;conrad.com;Yost and Sons;Switchable contextually-based project;aggregate real-time technologies
10;Clementina DuBuque;Moriah.Stanton;Rey.Padberg@karina.biz;Kattie Turnpike;Suite 198;Lebsackbury;31428-2261;-382.386;572.232;024-648-3804;ambrose.net;Hoeger LLC;Centralized empowering task-force;target end-to-end models
